{"cameraMode":{"drawMode":0,"name":"Shaded","section":"Shading Mode"},"sceneLighting":false,"audioPlay":false,"sceneViewState":{"m_AlwaysRefresh":true,"showFog":false,"showSkybox":false,"showFlares":true,"showImageEffects":true,"showParticleSystems":true,"showVisualEffectGraphs":true,"m_FxEnabled":true},"in2DMode":false,"pivot":{"x":-0.09538431465625763,"y":0.434091180562973,"z":-0.6660040616989136},"rotation":{"x":-0.10133811831474304,"y":0.23179695010185243,"z":-0.02430610917508602,"w":-0.9672039747238159},"size":1.0486807823181153,"orthographic":false}