{"cameraMode":{"drawMode":0,"name":"Shaded","section":"Shading Mode"},"sceneLighting":false,"audioPlay":false,"sceneViewState":{"m_AlwaysRefresh":true,"showFog":false,"showSkybox":false,"showFlares":true,"showImageEffects":true,"showParticleSystems":true,"showVisualEffectGraphs":true,"m_FxEnabled":true},"in2DMode":false,"pivot":{"x":-0.16178172826766969,"y":0.4662456810474396,"z":0.13982796669006349},"rotation":{"x":-0.05452299863100052,"y":-0.9071025848388672,"z":0.12402962893247605,"w":-0.39859479665756228},"size":1.0509034395217896,"orthographic":false}