{"cameraMode":{"drawMode":0,"name":"Shaded","section":"Shading Mode"},"sceneLighting":false,"audioPlay":false,"sceneViewState":{"m_AlwaysRefresh":true,"showFog":false,"showSkybox":false,"showFlares":true,"showImageEffects":true,"showParticleSystems":true,"showVisualEffectGraphs":true,"m_FxEnabled":true},"in2DMode":false,"pivot":{"x":0.09052145481109619,"y":-0.02681434154510498,"z":-0.4760970175266266},"rotation":{"x":-0.05879656597971916,"y":0.7179251909255981,"z":-0.0642920508980751,"w":-0.6910784840583801},"size":1.3524658679962159,"orthographic":false}