{"cameraMode":{"drawMode":0,"name":"Shaded","section":"Shading Mode"},"sceneLighting":true,"audioPlay":false,"sceneViewState":{"m_AlwaysRefresh":false,"showFog":true,"showSkybox":false,"showFlares":true,"showImageEffects":true,"showParticleSystems":true,"showVisualEffectGraphs":true,"m_FxEnabled":true},"in2DMode":false,"pivot":{"x":14.347238540649414,"y":-338.9974365234375,"z":617.4141235351563},"rotation":{"x":-0.25543051958084109,"y":-0.011024358682334423,"z":0.0029129409231245519,"w":-0.9667618274688721},"size":360.9061279296875,"orthographic":false}