{"cameraMode":{"drawMode":0,"name":"Shaded","section":"Shading Mode"},"sceneLighting":false,"audioPlay":false,"sceneViewState":{"m_AlwaysRefresh":false,"showFog":true,"showSkybox":false,"showFlares":true,"showImageEffects":true,"showParticleSystems":true,"showVisualEffectGraphs":true,"m_FxEnabled":true},"in2DMode":false,"pivot":{"x":2.4246277809143068,"y":1.3229477405548096,"z":17.385072708129884},"rotation":{"x":-0.04957154765725136,"y":-0.9497969150543213,"z":-0.23708608746528626,"w":0.19805774092674256},"size":0.8660253882408142,"orthographic":false}