{"cameraMode":{"drawMode":0,"name":"Shaded","section":"Shading Mode"},"sceneLighting":false,"audioPlay":false,"sceneViewState":{"m_AlwaysRefresh":true,"showFog":false,"showSkybox":false,"showFlares":true,"showImageEffects":true,"showParticleSystems":true,"showVisualEffectGraphs":true,"m_FxEnabled":true},"in2DMode":false,"pivot":{"x":-3.7456283569335939,"y":1.8135594129562379,"z":2.447296619415283},"rotation":{"x":-0.029532691463828088,"y":-0.9465022683143616,"z":0.09056307375431061,"w":-0.30843546986579897},"size":2.5794503688812258,"orthographic":false}