{"cameraMode":{"drawMode":0,"name":"Shaded","section":"Shading Mode"},"sceneLighting":false,"audioPlay":false,"sceneViewState":{"m_AlwaysRefresh":false,"showFog":true,"showSkybox":false,"showFlares":true,"showImageEffects":true,"showParticleSystems":true,"showVisualEffectGraphs":true,"m_FxEnabled":true},"in2DMode":false,"pivot":{"x":0.054312869906425479,"y":-0.01608860492706299,"z":-0.28565824031829836},"rotation":{"x":0.15775227546691895,"y":-0.4131622612476349,"z":0.07334663718938828,"w":0.8938924670219421},"size":2.311479330062866,"orthographic":false}