{"cameraMode":{"drawMode":0,"name":"Shaded","section":"Shading Mode"},"sceneLighting":false,"audioPlay":false,"sceneViewState":{"m_AlwaysRefresh":false,"showFog":true,"showSkybox":false,"showFlares":true,"showImageEffects":true,"showParticleSystems":true,"showVisualEffectGraphs":true,"m_FxEnabled":true},"in2DMode":false,"pivot":{"x":-10.182034492492676,"y":0.4647357165813446,"z":-0.7843595743179321},"rotation":{"x":0.02534068189561367,"y":-0.0256697665899992,"z":0.0007787467329762876,"w":0.9993517398834229},"size":1.1660254001617432,"orthographic":false}