{"cameraMode":{"drawMode":0,"name":"Shaded","section":"Shading Mode"},"sceneLighting":false,"audioPlay":false,"sceneViewState":{"m_AlwaysRefresh":true,"showFog":false,"showSkybox":false,"showFlares":true,"showImageEffects":true,"showParticleSystems":true,"showVisualEffectGraphs":true,"m_FxEnabled":true},"in2DMode":false,"pivot":{"x":-0.03749309107661247,"y":0.30034559965133669,"z":0.4180143177509308},"rotation":{"x":-0.05452299863100052,"y":-0.9071025848388672,"z":0.12402962893247605,"w":-0.39859479665756228},"size":0.8660253882408142,"orthographic":false}