{"cameraMode":{"drawMode":0,"name":"Shaded","section":"Shading Mode"},"sceneLighting":false,"audioPlay":false,"sceneViewState":{"m_AlwaysRefresh":false,"showFog":true,"showSkybox":false,"showFlares":true,"showImageEffects":true,"showParticleSystems":true,"showVisualEffectGraphs":true,"m_FxEnabled":true},"in2DMode":false,"pivot":{"x":-14.867045402526856,"y":14.270236015319825,"z":6.5122246742248539},"rotation":{"x":-0.02864150144159794,"y":-0.00468576280400157,"z":-0.000006387072517100023,"w":0.9995809197425842},"size":0.8660253882408142,"orthographic":false}